"AKTIVITET_KODE","NAME","STATUS","synlig"
"ANS9BU001","GODKENDER","E","True"
"ANS9BU001","PORTAL_USER","E","True"
"ANS9BU001","SMSAGA","E","True"
"ANS9BU001","SMSAGF","E","True"
"ANS9BU001","TAS","I","True"
"ANS9BU002","GODKENDER","E","True"
"ANS9BU002","PORTAL_USER","E","True"
"ANS9BU002","SMSAGA","E","True"
"ANS9BU002","SMSAGF","E","True"
"ANS9BU002","TAS","I","True"
"ANS9BU003","PORTAL_USER","E","True"
"ANS9BU003","SMSAGA","E","True"
"ANS9BU003","SMSAGF","E","True"
"ANS9BU003","TAS","I","True"
"ANS9BU004","GODKENDER","E","True"
"ANS9BU004","SEC","E","True"
"ANS9BU004","SMSAGA","E","True"
"ANS9BU004","SMSAGF","E","True"
"ANS9BU004","SUP","E","True"
"ANS9BU004","TAS","E","True"
"ANS9BU005","SEC","I","True"
"ANS9BU005","SMSAGA","E","True"
"ANS9BU005","SMSAGF","E","True"
"ANS9BU005","TAS","I","True"
"ANS9BU006","GODKENDER","E","True"
"ANS9BU006","PORTAL_USER","E","True"
"ANS9BU006","SMSAGA","D","True"
"ANS9BU006","SMSAGF","D","True"
"ANS9BU006","TAS","I","True"
"ANS9BU007","GODKENDER","E","True"
"ANS9BU007","SEC","I","True"
"ANS9BU007","SMSAGA","E","True"
"ANS9BU007","SMSAGF","E","True"
"ANS9BU007","TAS","I","True"
"ANS9BU008","REGN","E","True"
"ANS9BU008","SMSAGA","E","True"
"ANS9BU008","SMSAGF","E","True"
"ANS9BU008","TAS","I","True"
"ANS9BU009","CONTROLLER","I","True"
"ANS9BU009","SEC","I","True"
"ANS9BU009","SMSAGA","E","True"
"ANS9BU009","SMSAGF","E","True"
"ANS9BU009","TAS","I","True"
"ANS9BU010","PORTAL_USER","E","True"
"ANS9BU010","SEC","I","True"
"ANS9BU010","SMSAGA","E","True"
"ANS9BU010","SMSAGF","D","True"
"ANS9BU010","SUP","I","True"
"ANS9BU010","TAS","I","True"
"ANS9BU011","SEC","I","True"
"ANS9BU011","SMSAGA","E","True"
"ANS9BU011","SMSAGF","E","True"
"ANS9BU011","TAS","I","True"
"ANS9BU012","PORTAL_USER","E","True"
"ANS9BU012","SEC","I","True"
"ANS9BU012","SMSAGA","E","True"
"ANS9BU012","SMSAGF","E","True"
"ANS9BU012","TAS","E","True"
"ANS9BU013","CONTROLLER","I","True"
"ANS9BU013","SEC","I","True"
"ANS9BU013","SMSAGA","E","True"
"ANS9BU013","SMSAGF","E","True"
"ANS9BU013","TAS","I","True"
"ANS9BU014","PORTAL_USER","E","True"
"ANS9BU014","SEC","I","True"
"ANS9BU014","SMSAGA","E","True"
"ANS9BU014","SMSAGF","E","True"
"ANS9BU014","TAS","E","True"
"ANS9BU015","SEC","I","True"
"ANS9BU015","SMSAGA","E","True"
"ANS9BU015","SMSAGF","E","True"
"ANS9BU015","TAS","I","True"
"ANS9BU016","SMSAGA","E","True"
"ANS9BU016","SMSAGF","I","True"
"ANS9BU016","TAS","I","True"
"ANS9BU017","SMSAGA","E","True"
"ANS9BU017","SMSAGF","I","True"
"ANS9BU017","TAS","I","True"
"ANS9BU018","GODKENDER","E","True"
"ANS9BU018","PORTAL_USER","E","True"
"ANS9BU018","SMSAGA","D","True"
"ANS9BU018","SMSAGF","D","True"
"ANS9BU018","TAS","I","True"
"ANS9BU019","GODKENDER","E","True"
"ANS9BU019","PORTAL_USER","E","True"
"ANS9BU019","SMSAGA","E","True"
"ANS9BU019","SMSAGF","D","True"
"ANS9BU019","TAS","E","True"
"ANS9BU020","SMSAGA","E","True"
"ANS9BU020","SMSAGF","D","True"
"ANS9BU020","TAS","I","True"
"ANS9BU021","SEC","I","True"
"ANS9BU021","SMSAGA","E","True"
"ANS9BU021","SMSAGF","E","True"
"ANS9BU021","TAS","I","True"
"ANS9BU022","GODKENDER","E","True"
"ANS9BU022","SMSAGA","D","True"
"ANS9BU022","SMSAGF","D","True"
"ANS9BU022","TAS","I","True"
"ANS9BU024","SMSAGA","I","True"
"ANS9BU024","SMSAGF","I","True"
"ANS9BU024","TAS","I","True"
"ANS9BU025","PORTAL_USER","E","True"
"ANS9BU025","SMSAGA","E","True"
"ANS9BU025","SMSAGF","E","True"
"ANS9BU025","TAS","I","True"
"ANS9BU026","SEC","I","True"
"ANS9BU026","SMSAGA","E","True"
"ANS9BU026","SMSAGF","E","True"
"ANS9BU026","TAS","I","True"
"ANS9BU027","SEC","I","True"
"ANS9BU027","SMSAGA","E","True"
"ANS9BU027","SMSAGF","D","True"
"ANS9BU027","TAS","I","True"
"ANS9BU028","SEC","I","True"
"ANS9BU028","SMSAGA","E","True"
"ANS9BU028","SMSAGF","E","True"
"ANS9BU028","TAS","I","True"
"ANS9BU029","PORTAL_USER","E","True"
"ANS9BU029","SEC","I","True"
"ANS9BU029","SMSAGA","E","True"
"ANS9BU029","SMSAGF","E","True"
"ANS9BU029","TAS","I","True"
"ANS9BU030","PORTAL_USER","E","True"
"ANS9BU030","SMSAGA","E","True"
"ANS9BU030","SMSAGF","E","True"
"ANS9BU030","TAS","I","True"
"ANS9BU031","SMSAGA","E","True"
"ANS9BU031","SMSAGF","E","True"
"ANS9BU031","TAS","I","True"
"ANS9BU032","SMSAGA","E","True"
"ANS9BU032","SMSAGF","E","True"
"ANS9BU032","TAS","I","True"
"ANS9BU033","REVISION","I","True"
"ANS9BU033","SEC","I","True"
"ANS9BU033","SMSAGA","E","True"
"ANS9BU033","SMSAGF","E","True"
"ANS9BU033","TAS","I","True"
"ANS9BU034","PORTAL_USER","E","True"
"ANS9BU034","SEC","I","True"
"ANS9BU034","SMSAGA","E","True"
"ANS9BU034","SMSAGF","E","True"
"ANS9BU035","SEC","I","True"
"ANS9BU035","SMSAGA","I","True"
"ANS9BU035","SMSAGF","I","True"
"ANS9BU035","TAS","I","True"
"ANS9BU036","CONTROLLER","I","True"
"ANS9BU036","SMSAGA","E","True"
"ANS9BU036","SMSAGF","E","True"
"ANS9BU036","TAS","I","True"
"ANS9BU037","REVISION","I","True"
"ANS9BU037","SEC","I","True"
"ANS9BU037","SMSAGA","E","True"
"ANS9BU037","SMSAGF","E","True"
"ANS9BU037","TAS","I","True"
"ANS9BU038","SEC","I","True"
"ANS9BU038","SMSAGA","E","True"
"ANS9BU038","SMSAGF","E","True"
"ANS9BU038","TAS","I","True"
"ANS9BU039","GODKENDER","I","True"
"ANS9BU039","SMSAGA","E","True"
"ANS9BU039","SMSAGF","I","True"
"ANS9BU039","TAS","I","True"
"ANS9BU040","SMSAGA","E","True"
"ANS9BU040","SMSAGF","I","True"
"ANS9BU040","TAS","I","True"
"ANS9BU041","GODKENDER","D","True"
"ANS9BU041","SMSAGA","E","True"
"ANS9BU041","SMSAGF","D","True"
"ANS9BU041","TAS","I","True"
"ANS9BU042","SEC","I","True"
"ANS9BU042","SMSAGA","E","True"
"ANS9BU042","SMSAGF","E","True"
"ANS9BU043","SMSAGA","E","True"
"ANS9BU043","SMSAGF","E","True"
"ANS9BU043","TAS","I","True"
"ANS9BU044","SMSAGA","E","True"
"ANS9BU044","SMSAGF","I","True"
"ANS9BU044","TAS","I","True"
"ANS9BU045","GODKENDER","E","True"
"ANS9BU045","PORTAL_USER","E","True"
"ANS9BU045","SMSAGA","E","True"
"ANS9BU045","SMSAGF","E","True"
"ANS9BU045","TAS","I","True"
"ANS9BU046","SEC","I","True"
"ANS9BU046","SMSAGA","E","True"
"ANS9BU046","SMSAGF","I","True"
"ANS9BU046","TAS","I","True"
"ANS9BU047","CONTROLLER","I","True"
"ANS9BU047","GODKENDER","E","True"
"ANS9BU047","SEC","I","True"
"ANS9BU047","SMSAGA","I","True"
"ANS9BU047","SMSAGF","E","True"
"ANS9BU047","SUP","E","True"
"ANS9BU047","TAS","E","True"
"ANS9BU048","PORTAL_USER","E","True"
"ANS9BU048","SMSAGA","E","True"
"ANS9BU048","SMSAGF","E","True"
"ANS9BU050","CONTROLLER","I","True"
"ANS9BU050","SEC","I","True"
"ANS9BU050","SMSAGA","E","True"
"ANS9BU050","SMSAGF","E","True"
"ANS9BU050","TAS","I","True"
"ANS9BU051","CONTROLLER","I","True"
"ANS9BU051","PORTAL_USER","E","True"
"ANS9BU051","SEC","I","True"
"ANS9BU051","SMSAGA","E","True"
"ANS9BU051","SMSAGF","E","True"
"ANS9BU051","TAS","I","True"
"ANS9BU052","SMSAGA","E","True"
"ANS9BU052","SMSAGF","E","True"
"ANS9BU052","TAS","I","True"
"ANS9BU054","SEC","I","True"
"ANS9BU054","SMSAGA","E","True"
"ANS9BU054","SMSAGF","E","True"
"ANS9BU054","TAS","I","True"
"ANS9BU055","GODKENDER","I","True"
"ANS9BU055","SMSAGA","E","True"
"ANS9BU055","SMSAGF","I","True"
"ANS9BU055","TAS","I","True"
"ANS9BU056","SMSAGA","E","True"
"ANS9BU056","SMSAGF","E","True"
"ANS9BU056","TAS","I","True"
"ANS9BU057","SMSAGA","I","True"
"ANS9BU057","SMSAGF","I","True"
"ANS9BU057","TAS","I","True"
"ANS9BU058","GODKENDER","E","True"
"ANS9BU058","SMSAGA","D","True"
"ANS9BU058","SMSAGF","E","True"
"ANS9BU058","TAS","E","True"
"ANS9BU059","SEC","I","True"
"ANS9BU059","SMSAGA","E","True"
"ANS9BU059","SMSAGF","E","True"
"ANS9BU060","SEC","I","True"
"ANS9BU060","SMSAGA","E","True"
"ANS9BU060","SMSAGF","E","True"
"ANS9BU060","TAS","I","True"
"ANS9BU061","PORTAL_USER","E","True"
"ANS9BU061","SMSAGA","E","True"
"ANS9BU061","SMSAGF","E","True"
"ANS9BU062","SMSAGA","E","True"
"ANS9BU062","SMSAGF","E","True"
"ANS9BU063","SEC","I","True"
"ANS9BU063","SMSAGA","E","True"
"ANS9BU063","SMSAGF","E","True"
"ANS9BU063","TAS","I","True"
"ANS9BU064","SEC","I","True"
"ANS9BU064","SMSAGA","E","True"
"ANS9BU064","SMSAGF","E","True"
"ANS9BU064","TAS","I","True"
"ANS9BU065","SEC","I","True"
"ANS9BU065","SMSAGA","E","True"
"ANS9BU065","SMSAGF","E","True"
"ANS9BU065","TAS","I","True"
"ANS9BU066","SEC","E","True"
"ANS9BU066","SMSAGA","E","True"
"ANS9BU066","SMSAGF","E","True"
"ANS9BU066","TAS","I","True"
"ANS9BU067","SMSAGA","E","True"
"ANS9BU067","SMSAGF","E","True"
"ANS9BU067","TAS","I","True"
"ANS9BU068","SMSAGA","E","True"
"ANS9BU068","SMSAGF","E","True"
"ANS9BU068","TAS","I","True"
"ANS9BU069","SMSAGA","E","True"
"ANS9BU069","SMSAGF","E","True"
"ANS9BU069","TAS","I","True"
"ANS9BU070","PORTAL_USER","E","True"
"ANS9BU070","SMSAGA","E","True"
"ANS9BU070","SMSAGF","E","True"
"ANS9BU66","PORTAL_USER","E","True"
"ANS9BU66","SMSAGA","E","True"
"ANS9BU66","SMSAGF","E","True"
"ANS9BU66","TAS","I","True"
"ANS9BU67","PORTAL_USER","E","True"
"ANS9BU67","SMSAGA","E","True"
"ANS9BU67","SMSAGF","E","True"
"ANS9BU67","TAS","I","True"
"GEN002","GODKENDER","I","True"
"GEN002","RAP","I","True"
"GEN002","REGN","E","True"
"GEN002","SEC","I","True"
"GEN002","SMSAGA","E","True"
"GEN002","SMSAGF","E","True"
"GEN002","SUP","E","True"
"GEN002","TAS","I","True"
"Skille","GODKENDER","E","True"
"Skille","SEC","I","True"
"Skille","SMSAGA","E","True"
"Skille","SMSAGF","E","True"
"Skille","TAS","E","True"
"TIL9004","GODKENDER","E","True"
"TIL9004","PORTAL_USER","E","True"
"TIL9004","SMSAGA","D","True"
"TIL9004","SMSAGF","D","True"
"TIL9004","TAS","I","True"
"TIL9005","GODKENDER","E","True"
"TIL9005","PORTAL_USER","E","True"
"TIL9005","SMSAGA","D","True"
"TIL9005","SMSAGF","D","True"
"TIL9005","TAS","I","True"
