﻿"AKTIVITET_KODE","TEKST","KONS_ECO","KONS_BREV","KONS_SAGSLOG","AUTO_REMINDER","AUTO_GODKEND","EGEN_GODKENDELSE","OBJEKT","AKTIV","AKTIVITET_TYPE","BUDGET","NY_SAGSBEHANDLER","PublicAvailableForApplicationService","PublicName","UserGuide","ApproveText","MustSupplyTitle","MustApplyNote","MustAttachFile","MustSupplyCommitmentSpecification","MustSupplyPaymentSpecification","PortalType","DisplayTaskOverviewTab","RespondWithActivityId","DigitalSignature","MustAttachFilesAmount","DisplayAsButton","ButtonText","ButtonDescription","DisplayCaseInfo","DisplayUserProfileAsTab","DisplayAttachementTabBeforeFrontsystems","AttachtmentDescription","DisplayTopBar","DisplayOnBehalfOf","IsSendApplicationActivity","ActivityQuotaId","DisplayUserProfileForAllRoles","IsSystem","TAS_KONTO","TIDSPUNKT","DEB_KRE","PROCENT","TAS_KONTO_TEKST","KONTOUDTOG_DEB_KRE","KONTOUDTOG_GRUPPE","KONTO_ANVENDELSE","CTRL_PI","INTEGRATION_ID","FAKTOR","INTERESSENT_ROLLE_ID","SECURITY_USERS_ID","KATEGORITYPE","ActivityQuotaType","HeaderTitle","HeaderSubText","BottomHtmlText"
"ANS9BU001","Ansøgning oprettet  – ANS9BU","N","N","J","N","N","J","","Y","J","N","","True","Ansøgning ","","Indsend ansøgning","0","0","1","False","False","Task","True","0","False","","False","0","","False","False","False","","False","False","True","d4b3dc9f-dd09-4416-9a07-4e404579c061","False","False","","","","","","","","","","","","","","","1","Kvittering","Vi har modtaget din ansøgning","Tekst skal afklares....."
"ANS9BU002","Ansøgning indsendt – ANS9BU","N","J","J","N","J","J","","Y","N","N","","False","","","","0","0","0","False","False","","False","","False","","False","0","","False","False","False","","False","False","False","","False","False","","","","","","","","","","","","","","","","","",""
"ANS9BU003","Rediger ansøgning knap - ANS9BU","N","N","J","N","N","J","","Y","N","N","","True","Rediger din ansøgning","","Indsend rettelse","0","1","0","False","False","PartialAction","True","0","False","","True","Rediger ansøgning","Klik her for at se og rette i din indsendte ans&oslash;gning. Du har mulighed for, at rette i ans&oslash;gningen indtil sagbehandlingen p&aring;begynder.","False","False","False","","False","False","False","08ec8bb6-1dc2-415c-9fa7-0aad538ceece","False","False","","","","","","","","","","","","","","","2","Kvittering","Vi har modtaget din ændring","Tekst skal afklares"
"ANS9BU004","Klar til SB indstilling – ANS9BU","N","N","J","N","N","J","","Y","N","N","","False","","","","0","0","0","False","False","","False","","False","","False","0","","False","False","False","","False","False","False","","False","False","","","","","","","","","","","","","","","","","",""
"ANS9BU005","SB indstilling afsluttet - ANS9BU","N","N","J","N","N","J","","Y","N","N","","False","","","","0","0","0","False","False","","False","","False","","False","0","","False","False","False","","False","False","False","","False","False","","","","","","","","","","","","","","","","","",""
"ANS9BU006","Afslag – ANS9BU","J","J","J","N","N","N","nv_bsobj_BORT","Y","J","N","","True","Afslagsbrev","","","0","1","1","False","False","Information","False","0","False","","False","0","","False","False","False","","False","False","False","","False","False","ANS9BU002","U","D","100,00","Annullering – ANS9BU ","KRE","01","BORT","N","0","","","","","","","",""
"ANS9BU007","Fejloprettet sag - ANS9BU","N","N","J","N","N","J","","Y","N","N","","False","","","","0","0","0","False","False","","False","","False","","False","0","","False","False","False","","False","False","False","","False","False","","","","","","","","","","","","","","","","","",""
"ANS9BU008","Ansøgning ressortomlagt  – ANS9BU","J","N","J","N","N","N","nv_bsobj_BORT","Y","N","N","","False","","","","0","0","0","False","False","","False","","False","","False","0","","False","False","False","","False","False","False","","False","False","ANS5002","U","D","100,00","Annullering - ANS5","KRE","01","BORT","N","0","","","","","","","",""
"ANS9BU009","Yderligere oplysninger – ANS9BU","N","J","J","N","N","J","","Y","J","N","","True","Yderligere oplysninger krævet","","","0","1","1","False","False","Information","False","0","False","","False","0","","False","False","False","","False","False","False","","False","False","","","","","","","","","","","","ADM","","R","","","",""
"ANS9BU010","Indsend yderligere oplysninger - ANS9BU","N","N","J","N","N","J","","Y","N","N","","True","Indsend yderligere oplysninger","","Indsend rettelse","0","1","1","False","False","PartialAction","True","0","False","","True","Indsend oplysninger","Klik her for at indsende manglende oplysninger","False","False","False","","False","False","False","c7df1cf5-f0d7-4891-80fe-84af21a32567","False","False","","","","","","","","","","","","","","","2","Kvittering","Vi har modtaget din rettelse","Tekst beskrivelse mangler ....."
"ANS9BU011","Rykker ydl. Opl - ANS9BU","N","J","J","N","N","J","","Y","J","N","","True","Rykker brev yderligere oplysninger","","","0","3","1","False","False","Information","False","0","False","","False","0","","False","False","False","","False","False","False","","False","False","","","","","","","","","","","","ADM","","R","","","",""
"ANS9BU012","Ydl.oplysninger modtaget knap – ANS9BU","N","N","J","N","J","J","","Y","N","N","","False","","","","0","0","0","False","False","","False","","False","","False","0","","False","False","False","","False","False","False","","False","False","","","","","","","","","","","","","","","","","",""
"ANS9BU013","Supplerende oplysninger – ANS9BU","N","J","J","N","N","J","","Y","N","N","","True","Manglende supplerende oplysninger","","","0","1","1","False","False","Information","False","0","False","","False","0","","False","False","False","","False","False","False","","False","False","","","","","","","","","","","","ADM","","R","","","",""
"ANS9BU014","Supplerende oplysninger modtaget knap – ANS9BU","N","N","J","N","N","J","","Y","N","N","","True","Indsend supplerende oplysninger","","Indsend oplysninger","0","1","1","False","False","Action","False","0","False","","True","Indsend supplerende oplysninger","","False","False","False","","False","False","False","22e8e868-f517-4ae8-8fc5-b1aa072157bf","False","False","","","","","","","","","","","","","","","2","Kvittering","Vi har modtaget dine oplysninger","Tekst mangler&nbsp;...."
"ANS9BU015","Rykker suppl. Opl - ANS9BU","N","J","J","N","N","J","","Y","J","N","","True","Rykker brev manglende supplerende oplysninger","","","0","1","1","False","False","Information","False","0","False","","False","0","","False","False","False","","False","False","False","","False","False","","","","","","","","","","","","ADM","","R","","","",""
"ANS9BU016","Afslut sag. Uden bortfald – ANS9BU","N","N","J","N","N","J","","Y","N","N","","True","Sag afsluttet","","","0","1","1","False","False","Information","False","0","False","","False","0","","False","False","False","","False","False","False","","False","False","","","","","","","","","","","","","","","","","",""
"ANS9BU017","Projekt afsluttet – ANS9BU - Ansøgning slut","J","N","J","N","N","N","nv_bsobj_BORT","Y","N","N","","False","","","","0","0","0","False","False","","False","","False","","False","0","","False","False","False","","False","False","False","","False","False","ANS9BU002","U","D","100,00","Annullering – ANS9BU ","KRE","01","BORT","N","0","","","","","","","",""
"ANS9BU018","Tilskud – ANS9BU - Socialstyrelsen","J","J","J","N","N","N","nv_bsobj_TILS","Y","J","N","","True","Tilskudsbrev","","","0","1","1","False","False","Information","False","0","False","","False","0","","False","False","False","","False","False","False","","False","False","ANS9BU001","U","D","100,00","Tilsagn – ANS9BU","DEB","01","TILS","N","0","","ADM","","R","","","",""
"ANS9BU019","Tilskud – ANS9BU","J","J","J","N","N","J","nv_bsobj_TILS","Y","J","N","","True","Tilskudsbrev","","","0","1","1","False","False","Information","False","0","False","","False","0","","False","False","False","","False","False","False","","False","False","ANS9BU001","U","D","100,00","Tilsagn – ANS9BU","DEB","01","TILS","N","0","","","","","","","",""
"ANS9BU020","Nedskrivning - ANS9BU","J","J","J","N","N","N","nv_bsobj_BORT_delvis","Y","N","N","","True","Ændring til tilskudsbrev","","","0","1","1","False","False","Information","False","0","False","","False","0","","False","False","False","","False","False","False","","False","False","ANS9BU002","U","D","100,00","Annullering – ANS9BU ","KRE","01","BORT","N","0","","ADM","","R","","","",""
"ANS9BU021","Projektændring uden tilsagnsændring - ANS9BU","N","J","J","N","N","J","","Y","J","N","","False","","","","0","0","0","False","False","","False","","False","","False","0","","False","False","False","","False","False","False","","False","False","","","","","","","","","","","","","","","","","",""
"ANS9BU022","Tillægstilskud - ANS9BU","J","J","J","N","N","N","nv_bsobj_TILS","Y","J","N","","True","Tillægstilskudsbrev","","","0","1","1","False","False","Information","False","0","False","","False","0","","False","False","False","","False","False","False","","False","False","ANS9BU001","U","D","100,00","Tilsagn – ANS9BU","DEB","01","TILS","N","0","","ADM","","R","","","",""
"ANS9BU024","Tilsagnsaktivitet til fejlrettelser – ANS9BU","J","N","J","N","N","N","nv_bsobj_TILS","Y","N","N","","False","","","","0","0","0","False","False","","False","","False","","False","0","","False","False","False","","False","False","False","","False","False","ANS9BU001","U","D","100,00","Tilsagn – ANS9BU","DEB","01","TILS","N","0","","","","","","","",""
"ANS9BU025","Tilskudsmodtager afvisning modtaget – ANS9BU","N","N","J","N","N","J","","Y","N","N","","True","Afvis tilskud","","Afvis tilskud","0","2","1","False","False","Action","True","0","False","","True","Afvis tilskud","","False","False","False","","False","False","False","f660b94b-9c19-4c85-b17f-e02073f4386b","False","False","","","","","","","","","","","","","","","2","Kvittering","Vi har modtaget din afvisning af tilskud","Tekst afklaring mangler"
"ANS9BU026","Rykker for tilskudsmodtager accept – ANS9BU","N","J","J","N","N","J","","Y","J","N","","True","Rykker for tilskudsmodtager accept","","","0","1","1","False","False","Information","False","0","False","","False","0","","False","False","False","","False","False","False","","False","False","","","","","","","","","","","","ADM","","R","","","",""
"ANS9BU027","Delvis tilbagebetaling - ANS9BU","J","N","J","N","N","N","nv_bsobj_tilbagebetaling","Y","N","N","","False","","","","0","0","0","False","False","","False","","False","","False","0","","False","False","False","","False","False","False","","False","False","ANS5002","U","D","100,00","Annullering - ANS5","KRE","01","BORT","N","0","","","","","","","",""
"ANS9BU027","Delvis tilbagebetaling - ANS9BU","J","N","J","N","N","N","nv_bsobj_tilbagebetaling","Y","N","N","","False","","","","0","0","0","False","False","","False","","False","","False","0","","False","False","False","","False","False","False","","False","False","ANS9BU005","U","K","100,00","Tilbagebetaling – ANS9BU ","DEB","03","INDB","N","0","","","","","","","",""
"ANS9BU028","2. rykker regnskab - ANS9BU","N","J","J","N","J","J","","Y","J","N","","True","2. rykker for indsendelse af regnskab","","","0","2","1","False","False","Information","False","0","False","","False","0","","False","False","False","","False","False","False","","False","False","","","","","","","","","","","","ADM","","R","","","",""
"ANS9BU029","Regnskab modtaget fra portal - ANS9BU","N","N","J","N","N","J","","Y","J","N","","True","Regnskab modtaget fra portal - ANS9","","Indsend","0","1","1","False","False","Action","True","0","False","","True","Indsend regnskab","Her kan du indsende dit regnskab som en vedh&aelig;ftet fil.","False","False","False","","False","False","False","ad5fbf6b-de83-4e70-adf1-0fde57535a56","False","False","","","","","","","","","","","","","","","2","Kvittering","Vi har modtaget din indsendelse","Tekst mangler ..."
"ANS9BU030","Status rapport modtaget fra portal - ANS9BU","N","N","J","N","N","J","","Y","N","N","","True","Indsendt rapport","","Indsendt rapport","0","2","1","False","False","Action","True","0","False","","True","Indsend rapport","Her kan du indsende din statusrapport som en vedh&aelig;ftet fil.","False","False","False","","False","False","False","527f3512-e637-4f95-a8b8-68414b02523b","False","False","","","","","","","","","","","","","","","2","Kvittering","Vi har modtaget din indsendelse","Tekst mangler - Afklaring"
"ANS9BU031","Statusrapport modtaget - ANS9BU","N","N","J","N","N","J","","Y","N","N","","False","","","","0","0","0","False","False","","False","","False","","False","0","","False","False","False","","False","False","False","","False","False","","","","","","","","","","","","","","","","","",""
"ANS9BU032","Statusrapport godkendt - ANS9BU","N","N","J","N","N","J","","Y","N","N","","False","","","","0","0","0","False","False","","False","","False","","False","0","","False","False","False","","False","False","False","","False","False","","","","","","","","","","","","","","","","","",""
"ANS9BU033","1. rykker regnskab - ANS9BU","N","J","J","N","N","J","","Y","J","N","","True","1. rykker for indsendelse af regnskab","","","0","2","1","False","False","Information","False","0","False","","False","0","","False","False","False","","False","False","False","","False","False","","","","","","","","","","","","ADM","","R","","","",""
"ANS9BU034","Anmod om projektændring knap - ANS9BU","N","N","J","N","N","J","","Y","N","N","","True","Anmod om projektændring","","Indsend","0","2","1","False","False","Action","True","0","False","","True","Anmod om projektændring","Angiv begrundelse for projekt&aelig;ndring. Din begrundelse skal du angive i noten.<br />Hvis du s&oslash;ger om en projektforl&aelig;ngelse, skal du angive den forventet slutdato for projektet.","False","False","False","","False","False","False","0cb3ec5c-b9a0-489d-9179-e23552a389e0","False","False","","","","","","","","","","","","","","","2","Kvittering","Vi har modtaget din anmodning om projektændring","......"
"ANS9BU035","Central Inddrivelse – ANS9BU","N","J","J","N","N","J","","Y","J","N","","False","","","","0","0","0","False","False","","False","","False","","False","0","","False","False","False","","False","False","False","","False","False","","","","","","","","","","","","","","","","","",""
"ANS9BU036","Regnskab modtaget - ANS9BU","N","N","J","N","N","J","","Y","N","N","","False","","","","0","0","0","False","False","","False","","False","","False","0","","False","False","False","","False","False","False","","False","False","","","","","","","","","","","","","","","","","",""
"ANS9BU037","Udbetalinger sat på stop – ANS9BU","N","N","J","N","J","J","","Y","N","N","","False","","","","0","0","0","False","False","","False","","False","","False","0","","False","False","False","","False","False","False","","False","False","","","","","","","","","","","","","","","","","",""
"ANS9BU038","Udbetalinger genoptaget - ANS9BU","N","N","J","N","J","J","","Y","N","N","","False","","","","0","0","0","False","False","","False","","False","","False","0","","False","False","False","","False","False","False","","False","False","","","","","","","","","","","","","","","","","",""
"ANS9BU039","Udbetaling – ANS9BU","J","N","J","N","J","N","nv_bsobj_fors","Y","N","N","","False","","","","0","0","0","False","False","","False","","False","","False","0","","False","False","False","","False","False","False","","False","False","ANS9BU007","U","D","100,00","Forskud – ANS9BU","KRE","02","FORS","N","0","","","","","","","",""
"ANS9BU040","Regnskab godkendt - ANS9BU","N","N","J","N","N","J","","Y","N","N","","True","Regnskab godkendt","","","0","1","1","False","False","Information","False","0","False","","False","0","","False","False","False","","False","False","False","","False","False","","","","","","","","","","","","ADM","","R","","","",""
"ANS9BU041","Afregning af forskud - ANS9BU","J","N","J","N","N","N","nv_bsobj_afregning","Y","N","N","","False","","","","0","0","0","False","False","","False","","False","","False","0","","False","False","False","","False","False","False","","False","False","ANS9BU011","U","K","100,00","Tilbageførsel af forskud - Ressort","DEB","02","FORSK","N","0","","","","","","","",""
"ANS9BU041","Afregning af forskud - ANS9BU","J","N","J","N","N","N","nv_bsobj_afregning","Y","N","N","","False","","","","0","0","0","False","False","","False","","False","","False","0","","False","False","False","","False","False","False","","False","False","ANS9BU012","U","D","100,00","Udbetaling - ressortomlægning","KRE","03","UDBT","N","0","","","","","","","",""
"ANS9BU042","1. Reminder regnskab - ANS9BU","N","N","J","N","N","J","","Y","N","N","","False","","","","0","0","0","False","False","","False","","False","","False","0","","False","False","False","","False","False","False","","False","False","","","","","","","","","","","","","","","","","",""
"ANS9BU043","1. Reminder rapport - ANS9BU","N","N","J","N","N","J","","Y","N","N","","False","","","","0","0","0","False","False","","False","","False","","False","0","","False","False","False","","False","False","False","","False","False","","","","","","","","","","","","","","","","","",""
"ANS9BU044","Regnskabsgennemgang - ANS9BU","N","N","J","N","N","J","","Y","N","N","","False","","","","0","0","0","False","False","","False","","False","","False","0","","False","False","False","","False","False","False","","False","False","","","","","","","","","","","","","","","","","",""
"ANS9BU045","Tilskudsmodtager accept modtaget – ANS9BU","N","N","J","N","N","J","","Y","N","N","","True","Accepter tilskud","","Accepter tilskud","0","2","1","False","False","Action","True","0","False","","True","Indsend accept af tilskud","","False","False","False","","False","False","False","c661cf06-2be7-4aed-a729-158eda9607cb","False","False","","","","","","","","","","","","","","","2","Kvittering","Vi har modaget din accept af tilskud","Test mangler afklaring"
"ANS9BU046","Overfør til udbetaling – ANS9BU","N","N","J","N","N","J","","Y","N","N","","False","","","","0","0","0","False","False","","False","","False","","False","0","","False","False","False","","False","False","False","","False","False","","","","","","","","","","","","","","","","","",""
"ANS9BU047","Supplerende oplysninger TM accept – ANS9BU","N","N","J","N","N","J","","Y","N","N","","True","Behov for supplerende oplysninger","","","0","1","1","False","False","Information","False","0","False","","False","0","","False","False","False","","False","False","False","","False","False","","","","","","","","","","","","ADM","","R","","","",""
"ANS9BU048","Supplerende oplysninger modtaget TM accept knap – ANS9BU","N","N","J","N","N","J","","Y","N","N","","True","Indsend supplerende oplysninger ","","Indsend oplysninger","0","2","1","False","False","Action","True","0","False","","True","Indsend supplerende oplysninger ","","False","False","False","","False","False","False","3f8ac530-d5bb-42b6-9ad2-989eac080d61","False","False","","","","","","","","","","","","","","","2","Kvittering","Vi har modtaget dine supplerende oplysninger",""
"ANS9BU050","Yderligere oplysninger udbetaling - ANS9BU","N","J","J","N","N","J","","Y","J","N","","True","Yderligere oplysninger krævet","","","0","1","1","False","False","Information","False","0","False","","False","0","","False","False","False","","False","False","False","","False","False","","","","","","","","","","","","ADM","","R","","","",""
"ANS9BU051","Yderligere oplysninger udb modtaget – ANS9BU","N","N","J","N","N","J","","Y","J","N","","True","Indsend yderligere oplysninger","","Indsend","0","2","1","False","False","Action","True","0","False","","True","Indsend yderligere oplysninger","","False","False","False","","False","False","False","5d83f22e-d82f-4777-a67e-92c085d383a2","False","False","","","","","","","","","","","","","","","2","Kvittering","Vi har modtaget dine yderligere oplysninger","Tekst afklaring..."
"ANS9BU052","1. rykker status – rapport - ANS9BU","N","J","J","N","N","J","","Y","J","N","","True","1. rykker for indsendelse af rapport","","","0","2","1","False","False","Information","False","0","False","","False","0","","False","False","False","","False","False","False","","False","False","","","","","","","","","","","","ADM","","R","","","",""
"ANS9BU054","Rykker udb – ANS9BU","N","J","J","N","N","J","","Y","J","N","","True","Rykker brev yderligere oplysninger","","","0","1","1","False","False","Information","False","0","False","","False","0","","False","False","False","","False","False","False","","False","False","","","","","","","","","","","","ADM","","R","","","",""
"ANS9BU055","Udbetaling manuelt - ANS9BU","J","N","J","N","J","N","nv_bsobj_UDBT","Y","N","N","","False","","","","0","0","0","False","False","","False","","False","","False","0","","False","False","False","","False","False","False","","False","False","ANS9BU006","U","D","100,00","Udbetaling, manuel – ANS9BU","KRE","03","UDBT","N","0","","","","","","","",""
"ANS9BU056","2. rykker rapport - ANS9BU","N","J","J","N","N","J","","Y","J","N","","True","2. rykker for indsendelse af rapport","","","0","2","1","False","False","Information","False","0","False","","False","0","","False","False","False","","False","False","False","","False","False","","","","","","","","","","","","ADM","","R","","","",""
"ANS9BU057","Annulleringsaktivitet til fejlrettelse – ANS9BU","J","N","J","N","N","N","nv_bsobj_BORT_delvis","Y","N","N","","False","","","","0","0","0","False","False","","False","","False","","False","0","","False","False","False","","False","False","False","","False","False","ANS5002","U","D","100,00","Annullering - ANS5","KRE","01","BORT","N","0","","","","","","","",""
"ANS9BU058","Nedskrivning speciel - ANS9BU","J","J","J","N","N","N","nv_bsobj_BORT_delvis","Y","N","N","","True","Ændringer til tilskudsbrev","","","0","1","1","False","False","Information","False","0","False","","False","0","","False","False","False","","False","False","False","","False","False","ANS9BU002","U","D","100,00","Annullering – ANS9BU ","KRE","01","BORT","N","0","","ADM","","R","","","",""
"ANS9BU059","Frigør projektændring – ANS9BU","N","N","J","N","N","J","","Y","N","N","","False","","","","0","0","0","False","False","","False","","False","","False","0","","False","False","False","","False","False","False","","False","False","","","","","","","","","","","","","","","","","",""
"ANS9BU060","Rykker for projektændring – ANS9BU","N","J","J","N","N","J","","Y","J","N","","True","Rykker brev projektændring","","","0","1","1","False","False","Information","False","0","False","","False","0","","False","False","False","","False","False","False","","False","False","","","","","","","","","","","","ADM","","R","","","",""
"ANS9BU061","Projektændring modtaget – ANS9BU","N","N","J","N","J","J","","Y","N","N","","False","","","","0","0","0","False","False","","False","","False","","False","0","","False","False","False","","False","False","False","","False","False","","","","","","","","","","","","","","","","","",""
"ANS9BU062","Tilret projektændring – ANS9BU","N","J","J","N","N","J","","Y","N","N","","False","","","","0","0","0","False","False","","False","","False","","False","0","","False","False","False","","False","False","False","","False","False","","","","","","","","","","","","","","","","","",""
"ANS9BU063","Projektændring registrering – tilsagn – ANS9BU","N","N","J","N","N","J","","Y","N","N","","False","","","","0","0","0","False","False","","False","","False","","False","0","","False","False","False","","False","False","False","","False","False","","","","","","","","","","","","","","","","","",""
"ANS9BU064","Afvis projektændring -ANS9BU","N","N","J","N","N","J","","Y","N","N","","True","Projektændring afvist","","","0","1","1","False","False","Information","False","0","False","","False","0","","False","False","False","","False","False","False","","False","False","","","","","","","","","","","","","","","","","",""
"ANS9BU065","Projektændring registrering – Udbetaling – ANS9BU","N","N","J","N","N","J","","Y","N","N","","False","","","","0","0","0","False","False","","False","","False","","False","0","","False","False","False","","False","False","False","","False","False","","","","","","","","","","","","","","","","","",""
"ANS9BU066","Note - ANS9BU","N","N","J","N","N","J","","Y","N","N","","False","","","","0","0","0","False","False","","False","","False","","False","0","","False","False","False","","False","False","False","","False","False","","","","","","","","","","","","","","","","","",""
"ANS9BU067","Post ind modtaget fra portal - ANS9BU","N","N","J","N","N","J","","Y","N","N","","False","","","","0","0","0","False","False","","False","","False","","False","0","","False","False","False","","False","False","False","","False","False","","","","","","","","","","","","","","","","","",""
"ANS9BU068","Tilskudsmodtager afvisning registeret - ANS9BU","N","N","J","N","N","J","","Y","N","N","","False","","","","0","0","0","False","False","","False","","False","","False","0","","False","False","False","","False","False","False","","False","False","","","","","","","","","","","","","","","","","",""
"ANS9BU069","Anmodning om projektændring modtaget - ANS9BU","N","N","J","N","N","J","","Y","N","N","","False","","","","0","0","0","False","False","","False","","False","","False","0","","False","False","False","","False","False","False","","False","False","","","","","","","","","","","","","","","","","",""
"ANS9BU070","Projektændring knap - ANS9BU","N","N","J","N","N","J","","Y","N","N","","True","Indsend projektændring","Husk at teste dette","Indsend","0","0","1","False","False","PartialAction","True","0","False","","True","Indsend projektændring","<span>Din anmodning om projekt&aelig;ndring er behandlet. Du har nu mulighed for at tilrette din ans&oslash;gning, og indsende den. </span>","False","False","False","","False","False","False","44cefc47-19ec-4d73-abff-676ff9421b7d","False","False","","","","","","","","","","","","","","","2","Kvittering","Vi har modtaget din projektændring",""
"ANS9BU66","Post ind - ANS9BU","N","N","J","N","N","J","","Y","J","N","","True","Kontakt Socialstyrelsen","","Indsend","0","2","1","False","False","Action","True","0","False","","True","Kontakt Socialstyrelsen","Klik her for at skrive til Socialstyrelsen vedr&oslash;rende din sag.<br /><br />Du har&nbsp;mulighed for at skrive en besked og vedh&aelig;fte dokumenter.","False","False","False","","False","False","False","8157fa20-b12a-401b-a809-a847a2753574","False","False","","","","","","","","","","","","","","","2","Kvittering","Vi har modtaget din indsendelse","Tekst afklaring mangler..."
"ANS9BU67","Post ud - ANS9BU","N","J","J","N","N","J","","Y","J","N","","True","Information fra Socialstyrelsen","","","0","1","1","False","False","Information","False","0","False","","False","0","","False","False","False","","False","False","False","","False","False","","","","","","","","","","","","ADM","","R","","","",""
"DS_JOB_ERR","Datasynk job fejlet","N","N","J","N","J","J","","Y","N","N","","False","Datasynk job fejlet","","","0","0","0","False","False","","False","","False","","False","0","","False","False","False","","False","False","False","","False","False","","","","","","","","","","","","","","","","","",""
"GEN002","Notat , journaliseret - GEN","N","J","J","N","N","J","","Y","J","N","","False","Notat , journaliseret - GEN","","","0","0","0","False","False","","False","","False","","False","","","False","False","False","","False","False","False","","False","False","","","","","","","","","","","","","","","","","",""
"Skille","----------------------------------------------------------------------------------","N","N","J","N","N","J","","Y","N","N","","False","----------------------------------------------------------------------------------","","","0","0","0","False","False","","False","","False","","False","","","False","False","False","","False","False","False","","False","False","","","","","","","","","","","","","","","","","",""
"TIL9004","Tilskud – TIL9","J","J","J","N","N","N","nv_bsobj_TILS","Y","J","N","","True","Tilskudsbrev","","","0","1","1","False","False","Information","False","0","False","","False","0","","False","False","False","","False","False","False","","False","False","ANS9BU001","U","D","100,00","Tilsagn – ANS9BU","DEB","01","TILS","N","0","","ADM","","R","","","",""
"TIL9005","Tilskud – TIL9 - Socialstyrelsen","J","J","J","N","N","N","nv_bsobj_TILS","Y","J","N","","True","Tilskudsbrev","","","0","1","1","False","False","Information","False","0","False","","False","0","","False","False","False","","False","False","False","","False","False","ANS9BU001","U","D","100,00","Tilsagn – ANS9BU","DEB","01","TILS","N","0","","ADM","","R","","","",""
