﻿"AKTIVITET_KODE","STATUS_FRA","STATUS_TIL","AKTIVITET_FORTRYD_ID"
"ANS9BU002","ANS9BU001","ANS9BU002",""
"ANS9BU003","ANS9BU002","ANS9BU002",""
"ANS9BU008","ANS9BU002","ANS9BU007",""
"ANS9BU004","ANS9BU002","ANS9BU003",""
"ANS9BU017","ANS9BU002","ANS9BU019",""
"ANS9BU005","ANS9BU003","ANS9BU003",""
"ANS9BU009","ANS9BU003","ANS9BU004",""
"ANS9BU013","ANS9BU003","ANS9BU005",""
"ANS9BU007","ANS9BU003","ANS9BU006",""
"ANS9BU007","ANS9BU002","ANS9BU006",""
"ANS9BU006","ANS9BU003","ANS9BU019",""
"ANS9BU016","ANS9BU003","ANS9BU019",""
"ANS9BU017","ANS9BU003","ANS9BU019",""
"ANS9BU008","ANS9BU003","ANS9BU007",""
"ANS9BU019","ANS9BU003","ANS9BU009",""
"ANS9BU018","ANS9BU003","ANS9BU009",""
"TIL9004","ANS9BU003","ANS9BU009",""
"TIL9005","ANS9BU003","ANS9BU009",""
"ANS9BU010","ANS9BU004","ANS9BU004",""
"ANS9BU011","ANS9BU004","ANS9BU004",""
"ANS9BU012","ANS9BU004","ANS9BU003",""
"ANS9BU008","ANS9BU004","ANS9BU007",""
"ANS9BU016","ANS9BU004","ANS9BU019",""
"ANS9BU014","ANS9BU005","ANS9BU003",""
"ANS9BU015","ANS9BU005","ANS9BU005",""
"ANS9BU008","ANS9BU005","ANS9BU007",""
"ANS9BU006","ANS9BU005","ANS9BU019",""
"ANS9BU020","ANS9BU008","ANS9BU009",""
"ANS9BU021","ANS9BU008","ANS9BU009",""
"ANS9BU022","ANS9BU008","ANS9BU009",""
"ANS9BU016","ANS9BU008","ANS9BU019",""
"ANS9BU008","ANS9BU008","ANS9BU007",""
"ANS9BU034","ANS9BU009","ANS9BU009",""
"ANS9BU024","ANS9BU009","ANS9BU009",""
"ANS9BU025","ANS9BU009","ANS9BU009",""
"ANS9BU026","ANS9BU009","ANS9BU009",""
"ANS9BU045","ANS9BU009","ANS9BU010",""
"ANS9BU017","ANS9BU009","ANS9BU019",""
"ANS9BU008","ANS9BU009","ANS9BU007",""
"ANS9BU037","ANS9BU009","ANS9BU012",""
"ANS9BU047","ANS9BU009","ANS9BU011",""
"ANS9BU059","ANS9BU009","ANS9BU020",""
"ANS9BU046","ANS9BU010","ANS9BU013",""
"ANS9BU006","ANS9BU010","ANS9BU019",""
"ANS9BU008","ANS9BU010","ANS9BU007",""
"ANS9BU048","ANS9BU011","ANS9BU009",""
"ANS9BU016","ANS9BU009","ANS9BU019",""
"ANS9BU015","ANS9BU011","ANS9BU011",""
"ANS9BU017","ANS9BU011","ANS9BU019",""
"ANS9BU008","ANS9BU011","ANS9BU007",""
"ANS9BU038","ANS9BU012","ANS9BU009",""
"ANS9BU016","ANS9BU012","ANS9BU019",""
"ANS9BU008","ANS9BU012","ANS9BU007",""
"ANS9BU039","ANS9BU013","ANS9BU013",""
"ANS9BU036","ANS9BU013","ANS9BU013",""
"ANS9BU040","ANS9BU013","ANS9BU013",""
"ANS9BU032","ANS9BU013","ANS9BU013",""
"ANS9BU031","ANS9BU013","ANS9BU013",""
"ANS9BU027","ANS9BU013","ANS9BU013",""
"ANS9BU030","ANS9BU013","ANS9BU013",""
"ANS9BU029","ANS9BU013","ANS9BU013",""
"ANS9BU041","ANS9BU013","ANS9BU013",""
"ANS9BU042","ANS9BU013","ANS9BU013",""
"ANS9BU043","ANS9BU013","ANS9BU013",""
"ANS9BU024","ANS9BU013","ANS9BU013",""
"ANS9BU044","ANS9BU013","ANS9BU013",""
"ANS9BU022","ANS9BU013","ANS9BU013",""
"ANS9BU034","ANS9BU013","ANS9BU014",""
"ANS9BU037","ANS9BU013","ANS9BU014",""
"ANS9BU050","ANS9BU013","ANS9BU016",""
"ANS9BU008","ANS9BU013","ANS9BU007",""
"ANS9BU006","ANS9BU013","ANS9BU019",""
"ANS9BU033","ANS9BU013","ANS9BU014",""
"ANS9BU052","ANS9BU013","ANS9BU014",""
"ANS9BU030","ANS9BU014","ANS9BU014",""
"ANS9BU029","ANS9BU014","ANS9BU014",""
"ANS9BU038","ANS9BU014","ANS9BU013",""
"ANS9BU059","ANS9BU014","ANS9BU022",""
"ANS9BU008","ANS9BU014","ANS9BU007",""
"ANS9BU006","ANS9BU014","ANS9BU019",""
"ANS9BU036","ANS9BU015","ANS9BU015",""
"ANS9BU035","ANS9BU015","ANS9BU024",""
"ANS9BU059","ANS9BU015","ANS9BU020",""
"ANS9BU027","ANS9BU015","ANS9BU015",""
"ANS9BU028","ANS9BU015","ANS9BU015",""
"ANS9BU029","ANS9BU015","ANS9BU015",""
"ANS9BU030","ANS9BU015","ANS9BU015",""
"ANS9BU031","ANS9BU015","ANS9BU015",""
"ANS9BU032","ANS9BU015","ANS9BU015",""
"ANS9BU033","ANS9BU015","ANS9BU015",""
"ANS9BU034","ANS9BU015","ANS9BU015",""
"ANS9BU016","ANS9BU015","ANS9BU019",""
"ANS9BU008","ANS9BU015","ANS9BU007",""
"ANS9BU051","ANS9BU016","ANS9BU013",""
"ANS9BU054","ANS9BU016","ANS9BU016",""
"ANS9BU039","ANS9BU016","ANS9BU016",""
"ANS9BU055","ANS9BU016","ANS9BU016",""
"ANS9BU006","ANS9BU016","ANS9BU019",""
"ANS9BU008","ANS9BU016","ANS9BU007",""
"ANS9BU057","ANS9BU017","ANS9BU017",""
"ANS9BU058","ANS9BU017","ANS9BU017",""
"ANS9BU020","ANS9BU017","ANS9BU013",""
"ANS9BU036","ANS9BU017","ANS9BU013",""
"ANS9BU022","ANS9BU017","ANS9BU013",""
"ANS9BU021","ANS9BU017","ANS9BU013",""
"ANS9BU006","ANS9BU017","ANS9BU019",""
"ANS9BU008","ANS9BU017","ANS9BU007",""
"ANS9BU056","ANS9BU018","ANS9BU018",""
"ANS9BU027","ANS9BU018","ANS9BU018",""
"ANS9BU030","ANS9BU018","ANS9BU018",""
"ANS9BU029","ANS9BU018","ANS9BU018",""
"ANS9BU036","ANS9BU018","ANS9BU018",""
"ANS9BU040","ANS9BU018","ANS9BU018",""
"ANS9BU044","ANS9BU018","ANS9BU018",""
"ANS9BU034","ANS9BU018","ANS9BU018",""
"ANS9BU059","ANS9BU018","ANS9BU008",""
"ANS9BU035","ANS9BU018","ANS9BU024",""
"ANS9BU031","ANS9BU018","ANS9BU018",""
"ANS9BU016","ANS9BU018","ANS9BU019",""
"ANS9BU008","ANS9BU018","ANS9BU007",""
"ANS9BU060","ANS9BU020","ANS9BU020",""
"ANS9BU061","ANS9BU020","ANS9BU021",""
"ANS9BU016","ANS9BU020","ANS9BU019",""
"ANS9BU008","ANS9BU020","ANS9BU007",""
"ANS9BU062","ANS9BU021","ANS9BU020",""
"ANS9BU063","ANS9BU021","ANS9BU008",""
"ANS9BU064","ANS9BU021","ANS9BU008",""
"ANS9BU016","ANS9BU021","ANS9BU019",""
"ANS9BU008","ANS9BU021","ANS9BU007",""
"ANS9BU060","ANS9BU022","ANS9BU022",""
"ANS9BU061","ANS9BU022","ANS9BU023",""
"ANS9BU006","ANS9BU022","ANS9BU019",""
"ANS9BU008","ANS9BU022","ANS9BU007",""
"ANS9BU062","ANS9BU023","ANS9BU022",""
"ANS9BU064","ANS9BU023","ANS9BU017",""
"ANS9BU065","ANS9BU023","ANS9BU017",""
"ANS9BU006","ANS9BU023","ANS9BU019",""
"ANS9BU008","ANS9BU023","ANS9BU007",""
"ANS9BU006","ANS9BU024","ANS9BU019",""
"ANS9BU008","ANS9BU024","ANS9BU007",""
"ANS9BU036","ANS9BU014","ANS9BU013",""
"ANS9BU027","ANS9BU014","ANS9BU014",""
"ANS9BU028","ANS9BU014","ANS9BU014",""
"ANS9BU034","ANS9BU014","ANS9BU014",""
"ANS9BU040","ANS9BU014","ANS9BU014",""
"ANS9BU044","ANS9BU014","ANS9BU014",""
"ANS9BU056","ANS9BU014","ANS9BU014",""
"ANS9BU032","ANS9BU014","ANS9BU014",""
"ANS9BU002","ANS9BU002","ANS9BU002",""
"ANS9BU035","ANS9BU014","ANS9BU024",""
"ANS9BU031","ANS9BU014","ANS9BU013",""
"ANS9BU068","ANS9BU009","ANS9BU009",""
"ANS9BU069","ANS9BU009","ANS9BU009",""
"ANS9BU069","ANS9BU014","ANS9BU014",""
"ANS9BU070","ANS9BU020","ANS9BU020",""
"ANS9BU070","ANS9BU022","ANS9BU022",""
"ANS9BU006","ANS9BU012","ANS9BU019",""
"ANS9BU001","ANS9BU001","ANS9BU001",""
"ANS9BU007","ANS9BU001","ANS9BU006",""
"ANS9BU013","ANS9BU005","ANS9BU005",""
"ANS9BU017","ANS9BU013","ANS9BU019",""
