﻿"STATUS","STATUS_TYPE","BUDGETBESKYT","UDBT_TILBAGEHOLDT_TILLADT"
"ANS9BU001","A","0","N"
"ANS9BU002","","0","N"
"ANS9BU003","","0","N"
"ANS9BU004","","0","N"
"ANS9BU005","","0","N"
"ANS9BU006","","0","N"
"ANS9BU007","","0","N"
"ANS9BU008","","0","N"
"ANS9BU009","","0","N"
"ANS9BU010","","0","N"
"ANS9BU011","","0","N"
"ANS9BU012","","0","N"
"ANS9BU013","","0","N"
"ANS9BU014","","0","N"
"ANS9BU015","","0","N"
"ANS9BU016","","0","N"
"ANS9BU017","","0","N"
"ANS9BU018","","0","N"
"ANS9BU019","Z","0","N"
"ANS9BU020","","0","N"
"ANS9BU021","","0","N"
"ANS9BU022","","0","N"
"ANS9BU023","","0","N"
"ANS9BU024","","0","N"
