﻿"STATUS","STATUS_ID","TEKST","CTRL_DATA","AFLOB","INITIALER","DATO_AENDRING","PublicStatus"
"ANS9BU001","","Ansøgning kladde – ANS9BU","N","J","","","Sag oprettet"
"ANS9BU002","","Ansøgning modtaget – ANS9BU","N","J","","","Sagsbehandling i gang"
"ANS9BU003","","Sagsbehandler indstilling- ANS9BU","N","J","","","Sagsbehandling i gang"
"ANS9BU004","","Afventer ydl Opl (SB indstilling) - ANS9BU","N","J","","","Afventer tilskudsmodtager"
"ANS9BU005","","Afventer suppl opl (SB indstilling)-AN9","N","J","","","Afventer tilskudsmodtager"
"ANS9BU006","","Fejloprettet sag - ANS9BU","N","J","","","Sag afsluttet"
"ANS9BU007","","Ansøgning ressortomlagt - ANS9BU","N","J","","","Sag afsluttet"
"ANS9BU008","","Faglig sagsbehandler – ANS9BU","N","J","","","Sagsbehandling i gang"
"ANS9BU009","","Afventer tilskudsmodtager accept - ANS9BU","N","J","","","Afventer tilskudsmodtager"
"ANS9BU010","","Tilskudsaccept modtaget – ANS9BU","N","J","","","Sagsbehandling i gang"
"ANS9BU011","","Afventer suppl opl. (TM accept) - ANS9BU","N","J","","","Afventer tilskudsmodtager"
"ANS9BU012","","Udbetaling sat på stop (udb:anm)  - ANS9BU","N","J","","","Udbetaling stoppet"
"ANS9BU013","","Udbetalingsfase - ANS9BU","N","J","","","Udbetaling i gang"
"ANS9BU014","","Udbetaling sat på stop (udb fase) - ANS9BU","N","J","","","Udbetaling stoppet"
"ANS9BU015","","Afventer regnskab – ANS9BU","N","J","","",""
"ANS9BU016","","Afventer ydl. Opl (UDB.Fase) - ANS9BU","N","J","","","Udbetaling stoppet"
"ANS9BU017","","Faglig sagsbehandler – ANS9BU - Udbetaling","N","J","","","Afventer tilskudsmodtager"
"ANS9BU018","","Afventer Statusrapport – ANS9BU","N","J","","",""
"ANS9BU019","","Ansøgning slut - ANS9BU","N","J","","","Sag afsluttet"
"ANS9BU020","","Afventer projektændring – ANS9BU","N","J","","","Afventer tilskudsmodtager"
"ANS9BU021","","Projektændring modtaget – Tilskud – ANS9BU","N","J","","","Anmodning behandles"
"ANS9BU022","","Afventer projektændring – Udb - ANS9BU","N","J","","","Afventer tilskudsmodtager"
"ANS9BU023","","Projektændring modtaget – Udb – ANS9BU","N","J","","","Anmodning behandles"
"ANS9BU024","","Inkasso – ANS9BU","N","J","","","Sag afsluttet"
