﻿"AKTIVITET_KODE","NAME","STATUS","synlig"
"NE003","DELTAGER","E","True"
"NE003","TAS","E","True"
"DS_JOB_ERR","PORTAL_USER","E","True"
"DS_JOB_ERR","SAG","E","True"
"DS_JOB_ERR","Sagsbehand","E","True"
"DS_JOB_ERR","TAS","E","True"
"FPL-001","DELTAGER","E","True"
"FPL-001","PORTAL_USER","E","True"
"FPL-001","TAS","E","True"
"FPL-002","PORTAL_USER","E","True"
"FPL-002","TAS","E","True"
"FPL-003","TAS","E","True"
"FPL-004","TAS","E","True"
"FPL-005","TAS","E","True"
"FPL-006","DELTAGER","I","True"
"FPL-006","PORTAL_USER","I","True"
"FPL-006","TAS","E","True"
"FPL-007","DELTAGER","I","True"
"FPL-007","PORTAL_USER","I","True"
"FPL-007","TAS","E","True"
"FPL-008","TAS","E","True"
"FPL-009","PORTAL_USER","E","True"
"FPL-009","TAS","E","True"
"FPL-010","DELTAGER","I","True"
"FPL-010","PORTAL_USER","I","True"
"FPL-010","TAS","E","True"
"FPL-011","TAS","E","True"
"FPL-012","DELTAGER","E","True"
"FPL-012","PORTAL_USER","E","True"
"FPL-012","TAS","E","True"
"FPL-013","DELTAGER","E","True"
"FPL-013","PORTAL_USER","E","True"
"FPL-013","TAS","E","True"
"FPL-014","DELTAGER","I","True"
"FPL-014","PORTAL_USER","I","True"
"FPL-014","TAS","E","True"
"FPL-015","TAS","E","True"
"FPL-016","DELTAGER","I","True"
"FPL-016","PORTAL_USER","I","True"
"FPL-016","TAS","E","True"
"FPL-017","DELTAGER","I","True"
"FPL-017","PORTAL_USER","I","True"
"FPL-017","TAS","E","True"
"FPL-018","DELTAGER","I","True"
"FPL-018","PORTAL_USER","I","True"
"FPL-018","TAS","E","True"
"FPL-019","DELTAGER","I","True"
"FPL-019","PORTAL_USER","I","True"
"FPL-019","TAS","E","True"
"FPL-020","DELTAGER","I","True"
"FPL-020","PORTAL_USER","I","True"
"FPL-020","TAS","E","True"
"FPL-021","DELTAGER","E","True"
"FPL-021","PORTAL_USER","E","True"
"FPL-021","TAS","E","True"
"FPL-022","DELTAGER","I","True"
"FPL-022","PORTAL_USER","I","True"
"FPL-022","TAS","E","True"
"FPL-023","TAS","E","True"
"FPL-024","TAS","E","True"
"FPL-025","TAS","E","True"
"FPL-026","TAS","E","True"
"FPL-027","TAS","E","True"
"FPL-028","TAS","E","True"
"FPL-029","TAS","E","True"
"FPL-030","TAS","E","True"
"FPL-031","TAS","E","True"
"FPL-032","TAS","E","True"
"FPL-033","PORTAL_USER","E","True"
"FPL-033","TAS","E","True"
"FPL-034","DELTAGER","I","True"
"FPL-034","PORTAL_USER","I","True"
"FPL-034","TAS","E","True"
"FPL-035","DELTAGER","E","True"
"FPL-035","PORTAL_USER","E","True"
"FPL-035","TAS","E","True"
"FPL-036","DELTAGER","I","True"
"FPL-036","PORTAL_USER","I","True"
"FPL-036","TAS","E","True"
"FPL-037","TAS","E","True"
"FPL-038","DELTAGER","I","True"
"FPL-038","PORTAL_USER","I","True"
"FPL-038","TAS","E","True"
