﻿"AKTIVITET_KODE","TEKST","KONS_ECO","KONS_BREV","KONS_SAGSLOG","AUTO_REMINDER","AUTO_GODKEND","EGEN_GODKENDELSE","OBJEKT","AKTIV","AKTIVITET_TYPE","BUDGET","NY_SAGSBEHANDLER","PublicAvailableForApplicationService","PublicName","UserGuide","ApproveText","MustSupplyTitle","MustApplyNote","MustAttachFile","MustSupplyCommitmentSpecification","MustSupplyPaymentSpecification","PortalType","DisplayTaskOverviewTab","RespondWithActivityId","DigitalSignature","MustAttachFilesAmount","DisplayAsButton","ButtonText","ButtonDescription","DisplayCaseInfo","DisplayUserProfileAsTab","DisplayAttachementTabBeforeFrontsystems","AttachtmentDescription","DisplayTopBar","DisplayOnBehalfOf","IsSendApplicationActivity","ActivityQuotaId","DisplayUserProfileForAllRoles","IsSystem","TAS_KONTO","TIDSPUNKT","DEB_KRE","PROCENT","TAS_KONTO_TEKST","KONTOUDTOG_DEB_KRE","KONTOUDTOG_GRUPPE","KONTO_ANVENDELSE","CTRL_PI","INTEGRATION_ID","FAKTOR","INTERESSENT_ROLLE_ID","SECURITY_USERS_ID","KATEGORITYPE","ActivityQuotaType","HeaderTitle","HeaderSubText","BottomHtmlText","SCR_KONTO","DEB_KRE_FINANS","RSK_PROCENT","RSK_DEB_KRE","MODKONTO","YEAR","RG_KONTERING_GRUPPE","RAMME","UDLIGNING","TRANSAKTIONSTYPE","FOND"
"DS_JOB_ERR","Datasynk job fejlet","N","N","J","N","J","J","","Y","N","N","","False","","","","0","0","0","False","False","","False","","False","","False","0","","False","False","False","","False","False","False","","False","False","","","","","","","","","","","","",""," ","","","","","","","","","","","","","","",""
"FPL-001","Ansøgning oprettet - FPL","N","N","J","N","N","J","","Y","N","N","","True","Ansøgningskema","","Indsend","0","0","0","False","False","Task","True","0","False","","False","0","","False","False","False","","False","False","True","ef7bb7c3-989b-4973-9afb-5b7bbd6fd90c","False","False","","","","","","","","","","","","","","","2","","","","","","","","","","","","","",""
"FPL-002","Ansøgning indsendt - FPL","N","N","J","N","J","J","","Y","N","N","","False","","","","0","0","0","False","False","","False","","False","","False","0","","False","False","False","","False","False","False","","False","False","","","","","","","","","","","","","","C","","","","","","","","","","","","","","",""
"FPL-003","Sagsbehandling (Afgørelse) - FPL","N","N","J","N","N","J","","Y","N","N","","False","","","","0","0","0","False","False","","False","","False","","False","0","","False","False","False","","False","False","False","","False","False","","","","","","","","","","","","","","","","","","","","","","","","","","","","",""
"FPL-004","2. Sagsbehandler (Afgørelse) - FPL","N","N","J","N","N","N","","Y","N","N","","False","","","","0","0","0","False","False","","False","","False","","False","0","","False","False","False","","False","False","False","","False","False","","","","","","","","","","","","","","","","","","","","","","","","","","","","",""
"FPL-005","Afgørelse (Afslag) - FPL","N","N","J","N","J","J","","Y","N","N","","False","","","","0","0","0","False","False","","False","","False","","False","0","","False","False","False","","False","False","False","","False","False","","","","","","","","","","","","","","","","","","","","","","","","","","","","",""
"FPL-006","Tilsagnsbrev - FPL","J","J","J","N","N","N","nv_bsobj_TILS","Y","N","N","","True","Tilsagn","","","0","0","1","False","False","Information","False","0","False","","False","0","","False","False","False","","False","False","False","","False","False","FPL01","U","D","100,00","Tilsagn - FPL","DEB","01","TILS","N","0","","","","P","","","","","453101","RGN","0,00","D","779501","","","DK","Y","",""
"FPL-007","Afslagsbrev - FPL","N","J","J","N","N","N","","Y","N","N","","True","Afslag","","","0","0","1","False","False","Information","False","0","False","","False","0","","False","False","False","","False","False","False","","False","False","","","","","","","","","","","","","","P","","","","","","","","","","","","","","",""
"FPL-008","Afgørelse (Tilsagn) - FPL","N","N","J","N","J","J","","Y","N","N","","False","","","","0","0","0","False","False","","False","","False","","False","0","","False","False","False","","False","False","False","","False","False","","","","","","","","","","","","","","","","","","","","","","","","","","","","",""
"FPL-009","Accept af tilsagn - FPL","N","N","J","N","N","J","","Y","N","N","","True","Accepter tilsagn","","Indsend","1","1","1","False","False","Action","True","0","False","","True","Accepter tilsagn","Tilsagn skal accepteres senest 4 uger efter meddelelsesdato","False","False","False","","False","False","False","8cb8ac55-e020-4778-bf04-7a458e3ee11a","False","False","","","","","","","","","","","","","","C","2","","","","","","","","","","","","","",""
"FPL-010","Tilsagn ikke accepteret - FPL","J","J","J","N","N","N","nv_bsobj_BORT","Y","N","N","","True","Tilsagn ikke accepteret","","","0","0","1","False","False","Information","False","0","False","","False","0","","False","False","False","","False","False","False","","False","False","FPL02","U","D","100,00","Bortfald - FPL","KRE","01","BORT","N","0","","","","P","","","","","453501","RGN","0,00","K","779501","","","DK","Y","",""
"FPL-011","Tilsagn accepteret - FPL","N","N","J","N","N","J","","Y","N","N","","False","","","","0","0","0","False","False","","False","","False","","False","0","","False","False","False","","False","False","False","","False","False","","","","","","","","","","","","","","","","","","","","","","","","","","","","",""
"FPL-012","Udbetalingsanmodning - FPL","N","N","J","N","N","J","","Y","N","N","","True","Indsend udbetalingsanmodning","","Indsend","1","1","1","False","False","Action","True","0","False","","True","Indsend udbetalingsanmodning","Se mere information om udbetalingsanmodning om tilskud p&aring; <a href=""https://ens.dk/ansvarsomraader/forskning-udvikling/investeringsstoette-til-opstilling-af-forsoegsvindmoeller-paa"">ens.dk</a>","False","False","False","","False","False","False","55d2364b-39e3-46c0-a2bd-47bcc0de50fd","False","False","","","","","","","","","","","","","","C","2","","","","","","","","","","","","","",""
"FPL-013","Slutrapport - FPL","N","N","J","N","N","J","","Y","N","N","","True","Indsend slutrapport","","Indsend","1","2","1","False","False","Action","True","0","False","","True","Indsend slutrapport","Slutrapporten skal indsendes senest 3 m&aring;neder efter idr&aelig;fts&aelig;ttelse af fors&oslash;gsvindm&oslash;llen.<br />
Skabelon for slutrapporten kan findes p&aring; <a href=""https://ens.dk/ansvarsomraader/forskning-udvikling/investeringsstoette-til-opstilling-af-forsoegsvindmoeller-paa"">ens.dk</a>","False","False","False","","False","False","False","55f4e62a-2010-49a9-aec1-befbb040ec24","False","False","","","","","","","","","","","","","","C","2","","","","","","","","","","","","","",""
"FPL-014","Afslutningspåmindelse - FPL","N","J","J","N","N","J","","Y","N","N","","True","Afslutningspåmindelse","","","0","0","1","False","False","Information","False","0","False","","False","0","","False","False","False","","False","False","False","","False","False","","","","","","","","","","","","","","P","","","","","","","","","","","","","","",""
"FPL-015","Afv. klageperiode - FPL","N","N","J","N","N","J","","Y","N","N","","False","","","","0","0","0","False","False","","False","","False","","False","0","","False","False","False","","False","False","False","","False","False","","","","","","","","","","","","","","","","","","","","","","","","","","","","",""
"FPL-016","Indbetaling - FPL","J","J","J","N","N","N","nv_bsobj_INDB","Y","N","N","","True","Indbetaling","","","0","0","1","False","False","Information","False","0","False","","False","0","","False","False","False","","False","False","False","","False","False","FPL04","U","K","100,00","Indbetaling - FPL","DEB","03","INDB","N","0","","","","P","","","","","","","","","","","","","","",""
"FPL-017","Slutudbetaling - FPL","J","J","J","N","N","N","nv_bsobj_UDBT","Y","N","N","","True","Slutudbetaling af tilskud","","","0","0","1","False","False","Information","False","0","False","","False","0","","False","False","False","","False","False","False","","False","False","FPL03","U","D","100,00","Udbetaling - FPL","KRE","03","UDBT","N","0","","","","P","","","","","<K>","KRE","0,00","K","779701","","","DK","Y","",""
"FPL-018","Rateudbetaling - FPL","J","J","J","N","N","N","nv_bsobj_UDBT","Y","N","N","","True","Ratevis udbetaling af tilskud","","","0","0","1","False","False","Information","False","0","False","","False","0","","False","False","False","","False","False","False","","False","False","FPL03","U","D","100,00","Udbetaling - FPL","KRE","03","UDBT","N","0","","","","P","","","","","<K>","KRE","0,00","K","779701","","","DK","Y","",""
"FPL-019","Nedskrivning - FPL","J","J","J","N","N","N","nv_bsobj_BORT_delvis","Y","N","N","","True","Nedskrivning af tilskud","","","0","0","1","False","False","Information","False","0","False","","False","0","","False","False","False","","False","False","False","","False","False","FPL02","U","D","100,00","Bortfald - FPL","KRE","01","BORT","N","0","","","","P","","","","","453501","RGN","0,00","K","779501","","","DK","Y","",""
"FPL-020","Tillægstilsagn - FPL","J","J","J","N","N","N","nv_bsobj_TILS_tillaeg","Y","N","N","","True","Tillægstilsagn","","","0","0","1","False","False","Information","False","0","False","","False","0","","False","False","False","","False","False","False","","False","False","FPL01","U","D","100,00","Tilsagn - FPL","DEB","01","TILS","N","0","","","","P","","","","","453101","RGN","0,00","D","779501","","","DK","Y","",""
"FPL-021","Ændringsanmodning - FPL","N","N","J","N","N","J","","Y","N","N","","True","Indsend ændringsanmodning","","Indsend","1","1","1","False","False","Action","True","0","False","","True","Indsend ændringsanmodning","Se mere information om &aelig;ndringsanmodninger p&aring; <a href=""https://ens.dk/ansvarsomraader/forskning-udvikling/investeringsstoette-til-opstilling-af-forsoegsvindmoeller-paa"">ens.dk</a><br />
????","False","False","False","","False","False","False","6e877653-60b9-4f44-b694-f98d3fea5801","False","False","","","","","","","","","","","","","","C","2","","","","","","","","","","","","","",""
"FPL-022","Ændringsanmodning godkendt - FPL","N","J","J","N","N","J","","Y","N","N","","True","Ændringsanmodning godkendt","","","0","0","1","False","False","Information","False","0","False","","False","0","","False","False","False","","False","False","False","","False","False","","","","","","","","","","","","","","P","","","","","","","","","","","","","","",""
"FPL-023","Sagsbehandling (Ændring u. Chefgodk.) - FPL","N","N","J","N","N","J","","Y","N","N","","False","","","","0","0","0","False","False","","False","","False","","False","0","","False","False","False","","False","False","False","","False","False","","","","","","","","","","","","","","","","","","","","","","","","","","","","",""
"FPL-024","Sagsbehandling (Ændring m. Chefgodk.) - FPL","N","N","J","N","N","J","","Y","N","N","","False","","","","0","0","0","False","False","","False","","False","","False","0","","False","False","False","","False","False","False","","False","False","","","","","","","","","","","","","","","","","","","","","","","","","","","","",""
"FPL-025","2. Sagsbehandler (Ændring) - FPL","N","N","J","N","N","N","","Y","N","N","","False","","","","0","0","0","False","False","","False","","False","","False","0","","False","False","False","","False","False","False","","False","False","","","","","","","","","","","","","","","","","","","","","","","","","","","","",""
"FPL-026","Afv. Chefgodk. (Ændring) - FPL","N","N","J","N","J","J","","Y","N","N","","False","","","","0","0","0","False","False","","False","","False","","False","0","","False","False","False","","False","False","False","","False","False","","","","","","","","","","","","","","","","","","","","","","","","","","","","",""
"FPL-027","Sagsbehandling (Rateudb.) - FPL","N","N","J","N","N","J","","Y","N","N","","False","","","","0","0","0","False","False","","False","","False","","False","0","","False","False","False","","False","False","False","","False","False","","","","","","","","","","","","","","","","","","","","","","","","","","","","",""
"FPL-028","2. Sagsbehandler (Rateudb.) - FPL","N","N","J","N","N","N","","Y","N","N","","False","","","","0","0","0","False","False","","False","","False","","False","0","","False","False","False","","False","False","False","","False","False","","","","","","","","","","","","","","","","","","","","","","","","","","","","",""
"FPL-029","Afv. Chefgodk. (Rateudb.) - FPL","N","N","J","N","J","J","","Y","N","N","","False","","","","0","0","0","False","False","","False","","False","","False","0","","False","False","False","","False","False","False","","False","False","","","","","","","","","","","","","","","","","","","","","","","","","","","","",""
"FPL-030","Sagsbehandling (Slutudb.) - FPL","N","N","J","N","N","J","","Y","N","N","","False","","","","0","0","0","False","False","","False","","False","","False","0","","False","False","False","","False","False","False","","False","False","","","","","","","","","","","","","","","","","","","","","","","","","","","","",""
"FPL-031","2. Sagsbehandler (Slutudb.) - FPL","N","N","J","N","N","N","","Y","N","N","","False","","","","0","0","0","False","False","","False","","False","","False","0","","False","False","False","","False","False","False","","False","False","","","","","","","","","","","","","","","","","","","","","","","","","","","","",""
"FPL-032","Afv. Chefgodk. (Slutudb.) - FPL","N","N","J","N","J","J","","Y","N","N","","False","","","","0","0","0","False","False","","False","","False","","False","0","","False","False","False","","False","False","False","","False","False","","","","","","","","","","","","","","","","","","","","","","","","","","","","",""
"FPL-033","Ansøgning trukket tilbage – FPL","N","N","J","N","N","J","","Y","N","N","","True","Træk ansøgningen tilbage","","Indsend","1","1","1","False","False","Action","True","0","False","","True","Træk ansøgningen tilbage","Hvis du &oslash;nsker, at Energistyrelsen ikke skal behandle din ans&oslash;gning, kan du tr&aelig;kke din ans&oslash;gning tilbage<br />
????","False","False","False","","False","False","False","3ca5dbef-643b-4b76-a28d-e13b257610a5","False","False","","","","","","","","","","","","","","C","2","","","","","","","","","","","","","",""
"FPL-034","Post ud - FPL","N","N","J","N","N","J","","Y","N","N","","True","Meddelelse fra Energistyrelsen","","","0","1","1","False","False","Information","False","0","False","","False","0","","False","False","False","","False","False","False","","False","False","","","","","","","","","","","","","","P","","","","","","","","","","","","","","",""
"FPL-035","Post ind - FPL","N","N","J","N","N","J","","Y","N","N","","True","Indsend meddelelse til Energistyrelsen","","Indsend","1","1","1","False","False","Action","True","0","False","","True","Kontakt Energistyrelsen","","False","False","False","","False","False","False","ac637154-045f-43dd-a867-98798279aa1e","False","False","","","","","","","","","","","","","","C","2","","","","","","","","","","","","","",""
"FPL-036","Rykker for manglende oplysninger - FPL","N","J","J","N","N","J","","Y","N","N","","True","Rykker for manglende oplysninger","","","0","0","1","False","False","Information","False","0","False","","False","0","","False","False","False","","False","False","False","","False","False","","","","","","","","","","","","","","P","","","","","","","","","","","","","","",""
"FPL-037","Sag slut - FPL","J","N","J","N","N","N","nv_bsobj_BORT","Y","N","N","","False","","","","0","0","0","False","False","","False","","False","","False","0","","False","False","False","","False","False","False","","False","False","FPL02","U","D","100,00","Bortfald - FPL","KRE","01","BORT","N","0","","","","","","","","","453501","RGN","0,00","K","779501","","","DK","Y","",""
"FPL-038","Ændringsanmodning afslået - FPL","N","J","J","N","N","J","","Y","N","N","","True","Ændringsanmodning afslået","","","0","0","1","False","False","Information","False","0","False","","False","0","","False","False","False","","False","False","False","","False","False","","","","","","","","","","","","","","P","","","","","","","","","","","","","","",""
"NE003","Note","N","N","J","J","N","J","","Y","N","N","","False","","","","0","0","0","False","False","","False","","False","","False","","","False","False","False","","False","False","False","","False","False","","","","","","","","","","","","","","","","","","","","","","","","","","","","",""
