﻿"AKTIVITET_KODE","STATUS_FRA","STATUS_TIL","AKTIVITET_FORTRYD_ID"
"FPL-001","FPL01","FPL01",""
"FPL-002","FPL01","FPL02",""
"FPL-003","FPL02","FPL03",""
"FPL-004","FPL03","FPL03",""
"FPL-005","FPL03","FPL03",""
"FPL-006","FPL03","FPL03",""
"FPL-006","FPL04","FPL05",""
"FPL-007","FPL03","FPL11",""
"FPL-008","FPL03","FPL04",""
"FPL-009","FPL05","FPL05",""
"FPL-010","FPL05","FPL11",""
"FPL-011","FPL05","FPL06",""
"FPL-012","FPL06","FPL06",""
"FPL-013","FPL06","FPL06",""
"FPL-014","FPL06","FPL06",""
"FPL-015","FPL06","FPL06",""
"FPL-016","FPL06","FPL06",""
"FPL-017","FPL09","FPL06",""
"FPL-017","FPL06","FPL06",""
"FPL-018","FPL08","FPL06",""
"FPL-018","FPL06","FPL06",""
"FPL-019","FPL07","FPL06",""
"FPL-019","FPL06","FPL06",""
"FPL-020","FPL07","FPL06",""
"FPL-020","FPL06","FPL06",""
"FPL-021","FPL06","FPL06",""
"FPL-022","FPL06","FPL06",""
"FPL-023","FPL06","FPL06",""
"FPL-024","FPL06","FPL06",""
"FPL-025","FPL06","FPL06",""
"FPL-026","FPL06","FPL07",""
"FPL-027","FPL06","FPL06",""
"FPL-028","FPL06","FPL06",""
"FPL-029","FPL06","FPL08",""
"FPL-030","FPL06","FPL06",""
"FPL-031","FPL06","FPL06",""
"FPL-032","FPL06","FPL09",""
"FPL-033","FPL01","FPL10",""
"FPL-033","FPL02","FPL10",""
"FPL-033","FPL03","FPL10",""
"FPL-033","FPL04","FPL10",""
"FPL-037","FPL06","FPL11",""
"FPL-038","FPL06","FPL06",""
