﻿"TEKST","ORDNING","AKTIVITET_KODE","LUK_AKTIVITET_KODE","ORDNING_FORSYSTEM_ID","GENAABEN_AKTIVITET_ID","IsPublic","PARM","OBJEKT","NextActivityId","ApproveActivity","NumberOfRespiteDays","CaseLogState","ActionOnCompletion","TJEKLISTEDATA_TJEKLISTEID"
"Data Sync","FPL","FPL-002","FPL-002","2537","","False","EMPTY_JOB","nv_DataSync","FPL-003","False","-21","A","0",""
"Data Sync","FPL","FPL-006","FPL-006","2538","","False","PdfningCommand","nv_DataSync","","False","-21","A","0",""
"Data Sync","FPL","FPL-007","FPL-007","2539","","False","PdfningCommand","nv_DataSync","","False","-21","A","0",""
"Data Sync","FPL","FPL-010","FPL-010","2540","","False","PdfningCommand","nv_DataSync","","False","-21","A","0",""
"Data Sync","FPL","FPL-014","FPL-014","2541","","False","PdfningCommand","nv_DataSync","","False","-21","A","0",""
"Data Sync","FPL","FPL-016","FPL-016","2542","","False","PdfningCommand","nv_DataSync","","False","-21","A","0",""
"Data Sync","FPL","FPL-017","FPL-017","2543","","False","PdfningCommand","nv_DataSync","","False","-21","A","0",""
"Data Sync","FPL","FPL-018","FPL-018","2544","","False","PdfningCommand","nv_DataSync","","False","-21","A","0",""
"Data Sync","FPL","FPL-019","FPL-019","2545","","False","PdfningCommand","nv_DataSync","","False","-21","A","0",""
"Data Sync","FPL","FPL-020","FPL-020","2546","","False","PdfningCommand","nv_DataSync","","False","-21","A","0",""
"Data Sync","FPL","FPL-022","FPL-022","2547","","False","PdfningCommand","nv_DataSync","","False","-21","A","0",""
"Data Sync","FPL","FPL-038","FPL-038","2548","","False","PdfningCommand","nv_DataSync","","False","-21","A","0",""
"FPL - 1. SB Slutudbetaling","FPL","FPL-030","FPL-031","2562","","False","#CREATEVALIDATION(CASEHASNOOPENFRONTSYSTEMS,486,Sagen har et eller flere åbne skemaer ({0}). Indsend først dit åbne skema.)","DynamicFrontSystem","","","","","",""
"FPL - 1. SB Slutudbetaling","FPL","FPL-030","FPL-032","2563","","False","#CREATEVALIDATION(CASEHASNOOPENFRONTSYSTEMS,486,Sagen har et eller flere åbne skemaer ({0}). Indsend først dit åbne skema.)","DynamicFrontSystem","","","","","",""
"FPL - 2. SB Ændring","FPL","FPL-025","FPL-026","2554","","False","#CREATEVALIDATION(CASEHASNOOPENFRONTSYSTEMS,487,Sagen har et eller flere åbne skemaer ({0}). Indsend først dit åbne skema.)","DynamicFrontSystem","","","","","",""
"FPL - 2. SB Ændring","FPL","FPL-025","FPL-024","2555","","False","#CREATEVALIDATION(CASEHASNOOPENFRONTSYSTEMS,487,Sagen har et eller flere åbne skemaer ({0}). Indsend først dit åbne skema.)","DynamicFrontSystem","","","","","",""
"FPL - 2. SB Afgørelse","FPL","FPL-004","FPL-005","2556","","False","#CREATEVALIDATION(CASEHASNOOPENFRONTSYSTEMS,488,Sagen har et eller flere åbne skemaer ({0}). Indsend først dit åbne skema.)","DynamicFrontSystem","","","","","",""
"FPL - 2. SB Afgørelse","FPL","FPL-004","FPL-008","2557","","False","#CREATEVALIDATION(CASEHASNOOPENFRONTSYSTEMS,488,Sagen har et eller flere åbne skemaer ({0}). Indsend først dit åbne skema.)","DynamicFrontSystem","","","","","",""
"FPL - 1. SB Rateudbetaling","FPL","FPL-027","FPL-028","2564","","False","#CREATEVALIDATION(CASEHASNOOPENFRONTSYSTEMS,489,Sagen har et eller flere åbne skemaer ({0}). Indsend først dit åbne skema.)","DynamicFrontSystem","","","","","",""
"FPL - 1. SB Rateudbetaling","FPL","FPL-027","FPL-029","2565","","False","#CREATEVALIDATION(CASEHASNOOPENFRONTSYSTEMS,489,Sagen har et eller flere åbne skemaer ({0}). Indsend først dit åbne skema.)","DynamicFrontSystem","","","","","",""
"FPL - 1. SB Ændring","FPL","FPL-024","FPL-025","2560","","False","#CREATEVALIDATION(CASEHASNOOPENFRONTSYSTEMS,490,Sagen har et eller flere åbne skemaer ({0}). Indsend først dit åbne skema.)","DynamicFrontSystem","","","","","",""
"FPL - 1. SB Ændring","FPL","FPL-024","FPL-026","2561","","False","#CREATEVALIDATION(CASEHASNOOPENFRONTSYSTEMS,490,Sagen har et eller flere åbne skemaer ({0}). Indsend først dit åbne skema.)","DynamicFrontSystem","","","","","",""
"FPL - Ansøgningsskema","FPL","FPL-001","FPL-002","2549","","False","","DynamicFrontSystem","","","","","",""
"FPL - 1. SB Afgørelse","FPL","FPL-003","FPL-004","2566","","False","#CREATEVALIDATION(CASEHASNOOPENFRONTSYSTEMS,492,Sagen har et eller flere åbne skemaer ({0}). Indsend først dit åbne skema.)","DynamicFrontSystem","","","","","",""
"FPL - 1. SB Afgørelse","FPL","FPL-003","FPL-005","2567","","False","#CREATEVALIDATION(CASEHASNOOPENFRONTSYSTEMS,492,Sagen har et eller flere åbne skemaer ({0}). Indsend først dit åbne skema.)","DynamicFrontSystem","","","","","",""
"FPL - 1. SB Afgørelse","FPL","FPL-003","FPL-008","2568","","False","#CREATEVALIDATION(CASEHASNOOPENFRONTSYSTEMS,492,Sagen har et eller flere åbne skemaer ({0}). Indsend først dit åbne skema.)","DynamicFrontSystem","","","","","",""
"FPL - 2. SB Rateudbetaling","FPL","FPL-028","FPL-029","2550","","False","#CREATEVALIDATION(CASEHASNOOPENFRONTSYSTEMS,493,Sagen har et eller flere åbne skemaer ({0}). Indsend først dit åbne skema.)","DynamicFrontSystem","","","","","",""
"FPL - 2. SB Rateudbetaling","FPL","FPL-028","FPL-027","2551","","False","#CREATEVALIDATION(CASEHASNOOPENFRONTSYSTEMS,493,Sagen har et eller flere åbne skemaer ({0}). Indsend først dit åbne skema.)","DynamicFrontSystem","","","","","",""
"FPL - 1. SB Ændring u. Chefgodk.","FPL","FPL-023","FPL-022","2558","","False","#CREATEVALIDATION(CASEHASNOOPENFRONTSYSTEMS,494,Sagen har et eller flere åbne skemaer ({0}). Indsend først dit åbne skema.)","DynamicFrontSystem","","","","","",""
"FPL - 1. SB Ændring u. Chefgodk.","FPL","FPL-023","FPL-038","2559","","False","#CREATEVALIDATION(CASEHASNOOPENFRONTSYSTEMS,494,Sagen har et eller flere åbne skemaer ({0}). Indsend først dit åbne skema.)","DynamicFrontSystem","","","","","",""
"FPL - 2. SB Slutudbetaling","FPL","FPL-031","FPL-032","2552","","False","#CREATEVALIDATION(CASEHASNOOPENFRONTSYSTEMS,495,Sagen har et eller flere åbne skemaer ({0}). Indsend først dit åbne skema.)","DynamicFrontSystem","","","","","",""
"FPL - 2. SB Slutudbetaling","FPL","FPL-031","FPL-030","2553","","False","#CREATEVALIDATION(CASEHASNOOPENFRONTSYSTEMS,495,Sagen har et eller flere åbne skemaer ({0}). Indsend først dit åbne skema.)","DynamicFrontSystem","","","","","",""
