﻿"STATUS","STATUS_ID","TEKST","CTRL_DATA","AFLOB","INITIALER","DATO_AENDRING","PublicStatus"
"FPL01","","Ansøgning oprettet - FPL","N","J","","","Ansøgning oprettet"
"FPL02","","Ansøgning indsendt - FPL ","N","J","","","Ansøgning indsendt"
"FPL03","","Sagsbehandling (Afgørelse) - FPL","N","J","","","Ansøgning under sagsbehandling"
"FPL04","","Afv. Chefgodkendelse (Afgørelse) - FPL","N","J","","","Ansøgning under sagsbehandling"
"FPL05","","Afv. Accept af Tilsagn - FPL","N","J","","","Afventer accept af tilsagn"
"FPL06","","Projekt i gang - FPL","N","J","","","Projekt i gang"
"FPL07","","Afv. Chefgodkendelse (Ændring) - FPL","N","J","","","Projekt i gang"
"FPL08","","Afv. Chefgodkendelse (Rateudb.) - FPL","N","J","","","Projekt i gang"
"FPL09","","Afv. Chefgodkendelse (Slutudb.) - FPL","N","J","","","Projekt i gang"
"FPL10","","Ansøgning trukket tilbage - FPL","N","J","","","Ansøgning trukket tilbage"
"FPL11","","Sag slut - FPL","N","J","","","Projekt afsluttet"
"FPL12","","Testsager - FPL","N","J","","",""
"XAL","","Fejl i overførsel til Navision","N","J","","",""
